date_utc,url,status,wayback_url,detail
2026-10-10,https://key.chl.kiev.ua/persons/,error,,
2026-10-10,https://key.chl.kiev.ua/,success,https://web.archive.org/web/20261010055707/https://key.chl.kiev.ua/,
2026-10-10,https://key.chl.kiev.ua/timeline/,error,,error:not-found
2026-10-10,https://key.chl.kiev.ua/books/,error,,
2026-10-10,https://key.chl.kiev.ua/search/,success,https://web.archive.org/web/20261010055750/https://key.chl.kiev.ua/search/,
2026-10-10,https://key.chl.kiev.ua/books/maika-palyvoda-obyraie-profesiiu/,error,,
2026-10-10,https://key.chl.kiev.ua/books/polinka-dlia-ditei-vid-4-do-80-5-r/,error,,
2026-10-10,https://key.chl.kiev.ua/books/leo-fu-abo-ia-narodyvsia-sobakoiu/,error,,
2026-10-10,https://key.chl.kiev.ua/persons/profiles/,success,https://web.archive.org/web/20261010055824/https://key.chl.kiev.ua/persons/profiles/,
2026-10-10,https://key.chl.kiev.ua/books/iak-ia-ruinuvala-imperiiu/,error,,
2026-10-10,https://key.chl.kiev.ua/books/dyvovyzhni-pryhody-khlopchyka-iurchyka-i-ioho-dida/,success,https://web.archive.org/web/20261010055838/https://key.chl.kiev.ua/books/dyvovyzhni-pryhody-khlopchyka-iurchyka-i-ioho-dida/,
2026-10-10,https://key.chl.kiev.ua/books/toreadors/,success,https://web.archive.org/web/20261010055922/https://key.chl.kiev.ua/books/toreadors/,
2026-10-10,https://key.chl.kiev.ua/books/oi-lyshe-abo-z-chym-idiat-vunderkindiv/,success,https://web.archive.org/web/20261010055914/https://key.chl.kiev.ua/books/oi-lyshe-abo-z-chym-idiat-vunderkindiv/,
2026-10-10,https://key.chl.kiev.ua/books/taiemnytsia-kozatskoi-shabli/,error,,
2026-10-10,https://key.chl.kiev.ua/books/dyke-lito-v-krymu/,error,,
2026-10-10,https://key.chl.kiev.ua/books/dubochok-z-viiny/,error,,
2026-10-10,https://key.chl.kiev.ua/books/charivnyi-hlechyk/,error,,
2026-10-10,https://key.chl.kiev.ua/books/ukradeni/,error,,
2026-10-10,https://key.chl.kiev.ua/books/podorozh-ali-do-krainy-siak-takiv/,success,https://web.archive.org/web/20261010060020/https://key.chl.kiev.ua/books/podorozh-ali-do-krainy-siak-takiv/,
2026-10-10,https://key.chl.kiev.ua/books/arnika/,success,https://web.archive.org/web/20261010060024/https://key.chl.kiev.ua/books/arnika/,
2026-10-10,https://key.chl.kiev.ua/books/den-narodzhennia-misiatsia/,success,https://web.archive.org/web/20261010060058/https://key.chl.kiev.ua/books/den-narodzhennia-misiatsia/,
2026-10-10,https://key.chl.kiev.ua/books/novyi-rik/,success,https://web.archive.org/web/20261010060149/https://key.chl.kiev.ua/books/novyi-rik/,
2026-10-10,https://key.chl.kiev.ua/books/kazochky-kutsokhvostyky/,error,,error:job-failed
2026-10-10,https://key.chl.kiev.ua/books/sim-barv/,success,https://web.archive.org/web/20261010060302/https://key.chl.kiev.ua/books/sim-barv/,
2026-10-10,https://key.chl.kiev.ua/books/zhenia-i-synko/,success,https://web.archive.org/web/20261010060317/https://key.chl.kiev.ua/books/zhenia-i-synko/,
2026-10-10,https://key.chl.kiev.ua/books/zoloti-palatsy/,success,https://web.archive.org/web/20261010060338/https://key.chl.kiev.ua/books/zoloti-palatsy/,
2026-10-10,https://key.chl.kiev.ua/books/sim-not/,success,https://web.archive.org/web/20261010060441/https://key.chl.kiev.ua/books/sim-not/,
2026-10-10,https://key.chl.kiev.ua/books/ukrainskyi-prapor/,success,https://web.archive.org/web/20261010060447/https://key.chl.kiev.ua/books/ukrainskyi-prapor/,
2026-10-10,https://key.chl.kiev.ua/books/usmishka/,success,https://web.archive.org/web/20261010060408/https://key.chl.kiev.ua/books/usmishka/,
2026-10-10,https://key.chl.kiev.ua/books/chumatskyi-shliakh/,error,,error:job-failed
2026-10-10,https://key.chl.kiev.ua/books/iak-palchyky-posvarylysia/,error,,error:job-failed
2026-10-10,https://key.chl.kiev.ua/books/charivni-slova/,success,https://web.archive.org/web/20261010060544/https://key.chl.kiev.ua/books/charivni-slova/,
2026-10-10,https://key.chl.kiev.ua/books/iak-doshchyk-tsvite/,success,https://web.archive.org/web/20261010060609/https://key.chl.kiev.ua/books/iak-doshchyk-tsvite/,
2026-10-10,https://key.chl.kiev.ua/books/zvariu-tobi-borshchyku/,success,https://web.archive.org/web/20261010060727/https://key.chl.kiev.ua/books/zvariu-tobi-borshchyku/,
2026-10-10,https://key.chl.kiev.ua/books/katrusyni-skarby-opovidannia-dlia-mol-shk-viku/,success,https://web.archive.org/web/20261010060723/https://key.chl.kiev.ua/books/katrusyni-skarby-opovidannia-dlia-mol-shk-viku/,
2026-10-10,https://key.chl.kiev.ua/books/makove-kniaziuvannia/,error,,error:job-failed
2026-10-10,https://key.chl.kiev.ua/books/anhel-zolote-volossia-povist/,error,,
2026-10-10,https://key.chl.kiev.ua/books/kyivski-kazky/,success,https://web.archive.org/web/20261010060744/https://key.chl.kiev.ua/books/kyivski-kazky/,
2026-10-10,https://key.chl.kiev.ua/books/planeta-dyvakiv-opovidannia/,success,https://web.archive.org/web/20261010060856/https://key.chl.kiev.ua/books/planeta-dyvakiv-opovidannia/,
2026-10-10,https://key.chl.kiev.ua/books/charivnyi-ivanko-kazky/,error,,error:job-failed
2026-10-10,https://key.chl.kiev.ua/books/velychni-sobory-ukrainy-narysy-dlia-dopytlyvikh/,success,https://web.archive.org/web/20261010061003/https://key.chl.kiev.ua/books/velychni-sobory-ukrainy-narysy-dlia-dopytlyvikh/,
2026-10-10,https://key.chl.kiev.ua/books/dyva-ukrainskykh-khramiv/,success,https://web.archive.org/web/20261010061014/https://key.chl.kiev.ua/books/dyva-ukrainskykh-khramiv/,
2026-10-10,https://key.chl.kiev.ua/books/hosti-na-mitli/,error,,
2026-10-10,https://key.chl.kiev.ua/books/shirik-zi-zmievoi-hory/,error,,
2026-10-10,https://key.chl.kiev.ua/books/vidchynit-bohdankove-vikno/,error,,
2026-10-10,https://key.chl.kiev.ua/books/vidchaidushni-vershnyky-pryhod-povist/,success,https://web.archive.org/web/20261010061023/https://key.chl.kiev.ua/books/vidchaidushni-vershnyky-pryhod-povist/,
2026-10-10,https://key.chl.kiev.ua/books/zeleni-chary-opovidannia-dlia-sered-ta-st-shk-viku/,success,https://web.archive.org/web/20261010061121/https://key.chl.kiev.ua/books/zeleni-chary-opovidannia-dlia-sered-ta-st-shk-viku/,
2026-10-10,https://key.chl.kiev.ua/books/nashi-tserkvy-istoriia-dyva-lehendy/,success,https://web.archive.org/web/20261010061133/https://key.chl.kiev.ua/books/nashi-tserkvy-istoriia-dyva-lehendy/,
2026-10-10,https://key.chl.kiev.ua/books/mandry-i-podvyhy-lytsaria-horchyka/,success,https://web.archive.org/web/20261010061149/https://key.chl.kiev.ua/books/mandry-i-podvyhy-lytsaria-horchyka/,
2026-10-10,https://key.chl.kiev.ua/books/tato-mii-petliura/,error,,
2026-10-10,https://key.chl.kiev.ua/books/suknia-dlia-vesny/,success,https://web.archive.org/web/20261010061303/https://key.chl.kiev.ua/books/suknia-dlia-vesny/,
2026-10-10,https://key.chl.kiev.ua/books/iasochchyna-knyzhka/,success,https://web.archive.org/web/20261010061309/https://key.chl.kiev.ua/books/iasochchyna-knyzhka/,
2026-10-10,https://key.chl.kiev.ua/books/uzhalenii-zradoiu/,error,,
2026-10-10,https://key.chl.kiev.ua/books/darknetking/,error,,
2026-10-10,https://key.chl.kiev.ua/books/panna-kvitiv/,success,https://web.archive.org/web/20261010061317/https://key.chl.kiev.ua/books/panna-kvitiv/,
2026-10-10,https://key.chl.kiev.ua/books/dushnitsia/,success,https://web.archive.org/web/20261010061411/https://key.chl.kiev.ua/books/dushnitsia/,
2026-10-10,https://key.chl.kiev.ua/books/shalakhmonesi-virshi-dlia-ditei/,success,https://web.archive.org/web/20261010061417/https://key.chl.kiev.ua/books/shalakhmonesi-virshi-dlia-ditei/,
2026-10-10,https://key.chl.kiev.ua/books/muzychna-ukraina-12-ukrains-kykh-kompozytoriv-xx-xxi-st/,success,https://web.archive.org/web/20261010061433/https://key.chl.kiev.ua/books/muzychna-ukraina-12-ukrains-kykh-kompozytoriv-xx-xxi-st/,
2026-10-10,https://key.chl.kiev.ua/books/bustrofedon-ta-inshi-korotka-istoriia-chytannia/,success,https://web.archive.org/web/20261010061548/https://key.chl.kiev.ua/books/bustrofedon-ta-inshi-korotka-istoriia-chytannia/,
2026-10-10,https://key.chl.kiev.ua/books/trynadtsiatyi-misiats-u-rotsi/,success,https://web.archive.org/web/20261010061548/https://key.chl.kiev.ua/books/trynadtsiatyi-misiats-u-rotsi/,
2026-10-10,https://key.chl.kiev.ua/books/karafuto/,success,https://web.archive.org/web/20261010061617/https://key.chl.kiev.ua/books/karafuto/,
2026-10-10,https://key.chl.kiev.ua/books/vasylyna-i-trypil-s-kyi-slid/,error,,error:job-failed
2026-10-10,https://key.chl.kiev.ua/books/lizhko-dlia-rakety/,error,,
2026-10-10,https://key.chl.kiev.ua/books/shliakhom-burkhlyvym/,success,https://web.archive.org/web/20261010061615/https://key.chl.kiev.ua/books/shliakhom-burkhlyvym/,
2026-10-10,https://key.chl.kiev.ua/books/troianovi-dity/,success,https://web.archive.org/web/20261010061737/https://key.chl.kiev.ua/books/troianovi-dity/,
2026-10-10,https://key.chl.kiev.ua/books/divchina-z-mista/,error,,HTTP 500
2026-10-10,https://key.chl.kiev.ua/books/pidzemnyi-detektyv-zahadka-prokliatoi-shtol-ni/,error,,You need to be logged in to use Save Page Now.
2026-10-10,https://key.chl.kiev.ua/books/vriatuvati-berezen/,error,,You need to be logged in to use Save Page Now.
2026-10-10,https://key.chl.kiev.ua/books/osobistosti/,error,,You need to be logged in to use Save Page Now.
2026-10-10,https://key.chl.kiev.ua/books/ukrains-ki-naukovtsi-ta-vynakhidnyky-rozpovidi-dlia-ditei/,success,https://web.archive.org/web/20261010061949/https://key.chl.kiev.ua/books/ukrains-ki-naukovtsi-ta-vynakhidnyky-rozpovidi-dlia-ditei/,
2026-10-10,https://key.chl.kiev.ua/books/fikus-bendzhamin-rozpovidaie-pro-shchastia/,success,https://web.archive.org/web/20261010062127/https://key.chl.kiev.ua/books/fikus-bendzhamin-rozpovidaie-pro-shchastia/,
2026-10-10,https://key.chl.kiev.ua/books/rusalon-ka-iz-7-v-abo-prokliattia-rodu-kulakivs-kykh/,error,,HTTP 500
2026-10-10,https://key.chl.kiev.ua/books/rudi-i-chumats-kyi-shliakh/,success,https://web.archive.org/web/20261010061710/https://key.chl.kiev.ua/books/rudi-i-chumats-kyi-shliakh/,
2026-10-10,https://key.chl.kiev.ua/books/getman-na-lito/,success,https://web.archive.org/web/20261010061745/https://key.chl.kiev.ua/books/getman-na-lito/,
2026-10-10,https://key.chl.kiev.ua/books/neslukhnianyky/,success,https://web.archive.org/web/20261010062209/https://key.chl.kiev.ua/books/neslukhnianyky/,
2026-10-10,https://key.chl.kiev.ua/books/rusalon-ka-iz-7-v-duzhe-mors-ka-istoriia/,success,https://web.archive.org/web/20261010062226/https://key.chl.kiev.ua/books/rusalon-ka-iz-7-v-duzhe-mors-ka-istoriia/,
2026-10-10,https://key.chl.kiev.ua/books/rusalon-ka-iz-7-v-ta-zahublenyi-u-chasi/,success,https://web.archive.org/web/20261010062318/https://key.chl.kiev.ua/books/rusalon-ka-iz-7-v-ta-zahublenyi-u-chasi/,
2026-10-10,https://key.chl.kiev.ua/books/rusalon-ka-iz-7-v-proty-rusalonki-z-bilokryl-lisu/,success,https://web.archive.org/web/20261010062304/https://key.chl.kiev.ua/books/rusalon-ka-iz-7-v-proty-rusalonki-z-bilokryl-lisu/,
2026-10-10,https://key.chl.kiev.ua/books/rusalon-ka-iz-7-v-v-tenetah-labirintu/,error,,error:job-failed
2026-10-10,https://key.chl.kiev.ua/books/mykolchiny-istorii/,success,https://web.archive.org/web/20261010062400/https://key.chl.kiev.ua/books/mykolchiny-istorii/,
2026-10-10,https://key.chl.kiev.ua/books/dzhmelenia-ta-kanikulne-ozero/,success,https://web.archive.org/web/20261010062404/https://key.chl.kiev.ua/books/dzhmelenia-ta-kanikulne-ozero/,
2026-10-10,https://key.chl.kiev.ua/books/dzhmelenia-ta-rozhko-z-chichvinskogo-lisu/,success,https://web.archive.org/web/20261010062416/https://key.chl.kiev.ua/books/dzhmelenia-ta-rozhko-z-chichvinskogo-lisu/,
2026-10-10,https://key.chl.kiev.ua/books/dzhmelenia-ta-derevo-vu/,success,https://web.archive.org/web/20261010062433/https://key.chl.kiev.ua/books/dzhmelenia-ta-derevo-vu/,
2026-10-10,https://key.chl.kiev.ua/books/zgraia/,error,,
2026-10-10,https://key.chl.kiev.ua/books/dorosli-znenats-ka/,error,,
2026-10-10,https://key.chl.kiev.ua/books/misto-teney/,success,https://web.archive.org/web/20261010062653/https://key.chl.kiev.ua/books/misto-teney/,
2026-10-10,https://key.chl.kiev.ua/books/mysholovka/,success,https://web.archive.org/web/20261010062611/https://key.chl.kiev.ua/books/mysholovka/,
2026-10-10,https://key.chl.kiev.ua/books/ia-x-tramvai-zoopark-2/,success,https://web.archive.org/web/20261010062620/https://key.chl.kiev.ua/books/ia-x-tramvai-zoopark-2/,
2026-10-10,https://key.chl.kiev.ua/books/140-detsibeliv-tishi/,success,https://web.archive.org/web/20261010062725/https://key.chl.kiev.ua/books/140-detsibeliv-tishi/,
2026-10-10,https://key.chl.kiev.ua/books/20-xx-20-xx/,success,https://web.archive.org/web/20261010062800/https://key.chl.kiev.ua/books/20-xx-20-xx/,
2026-10-10,https://key.chl.kiev.ua/books/vkraina-zachekalasia-na-vas-zbirka-virshiv/,success,https://web.archive.org/web/20261010062759/https://key.chl.kiev.ua/books/vkraina-zachekalasia-na-vas-zbirka-virshiv/,
2026-10-10,https://key.chl.kiev.ua/books/i-plache-rosamy-zemlia-zbirka-virshiv-khroniky-ato-poetiv-kirovohradshchyny/,success,https://web.archive.org/web/20261010062917/https://key.chl.kiev.ua/books/i-plache-rosamy-zemlia-zbirka-virshiv-khroniky-ato-poetiv-kirovohradshchyny/,
2026-10-10,https://key.chl.kiev.ua/books/ivan-sirko-velykyi-kharakternyk/,success,https://web.archive.org/web/20261010062917/https://key.chl.kiev.ua/books/ivan-sirko-velykyi-kharakternyk/,
2026-10-10,https://key.chl.kiev.ua/books/ivan-sirko-slavetnyi-koshovyi/,success,https://web.archive.org/web/20261010062921/https://key.chl.kiev.ua/books/ivan-sirko-slavetnyi-koshovyi/,
2026-10-10,https://key.chl.kiev.ua/books/iz-kotom-i-bez-kota-virshi-dlia-ditei/,success,https://web.archive.org/web/20261010062935/https://key.chl.kiev.ua/books/iz-kotom-i-bez-kota-virshi-dlia-ditei/,
2026-10-10,https://key.chl.kiev.ua/books/istoriia-z-maidanu-epizod-i-hrafichna-novela/,success,https://web.archive.org/web/20261010063120/https://key.chl.kiev.ua/books/istoriia-z-maidanu-epizod-i-hrafichna-novela/,
2026-10-10,https://key.chl.kiev.ua/books/izhachok-ta-soloveiko/,success,https://web.archive.org/web/20261010063124/https://key.chl.kiev.ua/books/izhachok-ta-soloveiko/,
2026-10-10,https://key.chl.kiev.ua/books/abetka/,success,https://web.archive.org/web/20261010063054/https://key.chl.kiev.ua/books/abetka/,
2026-10-10,https://key.chl.kiev.ua/books/abra-kadabra-povist-siur/,success,https://web.archive.org/web/20261010063153/https://key.chl.kiev.ua/books/abra-kadabra-povist-siur/,
2026-10-10,https://key.chl.kiev.ua/books/abu-karakambada-kolyskova-dlia-misheli/,error,,
2026-10-10,https://key.chl.kiev.ua/books/anna-bahriana-pro-mariiu-zankovetsku-olenu-telihu-vanhu-mariiu-pryimachenko-slavu-stetsko/,success,https://web.archive.org/web/20261010063225/https://key.chl.kiev.ua/books/anna-bahriana-pro-mariiu-zankovetsku-olenu-telihu-vanhu-mariiu-pryimachenko-slavu-stetsko/,
2026-10-10,https://key.chl.kiev.ua/books/budinochok-z-vodi-cd/,success,https://web.archive.org/web/20261010063248/https://key.chl.kiev.ua/books/budinochok-z-vodi-cd/,
2026-10-10,https://key.chl.kiev.ua/books/bukhtyk-z-tykhoho-zatonu-kazkova-povist/,success,https://web.archive.org/web/20261010063231/https://key.chl.kiev.ua/books/bukhtyk-z-tykhoho-zatonu-kazkova-povist/,
2026-10-10,https://key.chl.kiev.ua/books/bile-vedmezha-kazka/,success,https://web.archive.org/web/20261010063334/https://key.chl.kiev.ua/books/bile-vedmezha-kazka/,
2026-10-10,https://key.chl.kiev.ua/books/v-potorochi-chorni-ochi/,success,https://web.archive.org/web/20261010063420/https://key.chl.kiev.ua/books/v-potorochi-chorni-ochi/,
2026-10-10,https://key.chl.kiev.ua/books/viazochka-kazok-kazky-dlia-ditei-doshkilnoho-ta-molodshoho-shkilnoho-viku/,success,https://web.archive.org/web/20261010063426/https://key.chl.kiev.ua/books/viazochka-kazok-kazky-dlia-ditei-doshkilnoho-ta-molodshoho-shkilnoho-viku/,
2026-10-10,https://key.chl.kiev.ua/books/varvary-psykholohichna-povist/,success,https://web.archive.org/web/20261010063432/https://key.chl.kiev.ua/books/varvary-psykholohichna-povist/,
2026-10-10,https://key.chl.kiev.ua/books/velykaia-taina-stykhy-dlia-doshkolnoho-y-mladsheho-shkolnoho-vozrasta-ros-mova/,success,https://web.archive.org/web/20261010063554/https://key.chl.kiev.ua/books/velykaia-taina-stykhy-dlia-doshkolnoho-y-mladsheho-shkolnoho-vozrasta-ros-mova/,
2026-10-10,https://key.chl.kiev.ua/books/velykyi-luh-nad-dniprom-kazky-i-lehendy/,success,https://web.archive.org/web/20261010063559/https://key.chl.kiev.ua/books/velykyi-luh-nad-dniprom-kazky-i-lehendy/,
2026-10-10,https://key.chl.kiev.ua/books/vechirni-kramnytsi-vulytsi-voloskoi/,success,https://web.archive.org/web/20261010063634/https://key.chl.kiev.ua/books/vechirni-kramnytsi-vulytsi-voloskoi/,
2026-10-10,https://key.chl.kiev.ua/books/vidchaidushni-povist-detektyv/,error,,
2026-10-10,https://key.chl.kiev.ua/books/vishivanka-dlia-sonechka-zbirka-tvoriv-suchasnikh-ukrainskikh-avtoriv-dlia-ditei-ponad-70-avtoriv/,success,https://web.archive.org/web/20261010063709/https://key.chl.kiev.ua/books/vishivanka-dlia-sonechka-zbirka-tvoriv-suchasnikh-ukrainskikh-avtoriv-dlia-ditei-ponad-70-avtoriv/,
2026-10-10,https://key.chl.kiev.ua/books/11131199/,success,https://web.archive.org/web/20261010063722/https://key.chl.kiev.ua/books/11131199/,
2026-10-10,https://key.chl.kiev.ua/books/vidchaidushnyi-boiahuz/,success,https://web.archive.org/web/20261010063745/https://key.chl.kiev.ua/books/vidchaidushnyi-boiahuz/,
2026-10-10,https://key.chl.kiev.ua/books/den-snihovyka/,success,https://web.archive.org/web/20261010063830/https://key.chl.kiev.ua/books/den-snihovyka/,
2026-10-10,https://key.chl.kiev.ua/books/haluna-laluna-abo-ivan-syla-na-ostrovi-shchastia-kazka/,success,https://web.archive.org/web/20261010063853/https://key.chl.kiev.ua/books/haluna-laluna-abo-ivan-syla-na-ostrovi-shchastia-kazka/,
2026-10-10,https://key.chl.kiev.ua/books/darynka-napivkazkovi-istorii-pro-sohodennia/,success,https://web.archive.org/web/20261010063851/https://key.chl.kiev.ua/books/darynka-napivkazkovi-istorii-pro-sohodennia/,
2026-10-10,https://key.chl.kiev.ua/books/den-proshchannia-z-osinniu/,success,https://web.archive.org/web/20261010063901/https://key.chl.kiev.ua/books/den-proshchannia-z-osinniu/,
2026-10-10,https://key.chl.kiev.ua/books/dereva-naukovo-populiarna-proza/,error,,error:job-failed
2026-10-10,https://key.chl.kiev.ua/books/derevo-zhyttia-ukrainska-mifolohiia/,success,https://web.archive.org/web/20261010064109/https://key.chl.kiev.ua/books/derevo-zhyttia-ukrainska-mifolohiia/,
2026-10-10,https://key.chl.kiev.ua/books/dzhmelenia-ta-volodarka-zlydniv/,success,https://web.archive.org/web/20261010064025/https://key.chl.kiev.ua/books/dzhmelenia-ta-volodarka-zlydniv/,
2026-10-10,https://key.chl.kiev.ua/books/dzhovani-trapatoni-kazky-dlia-pidlitkiv-ikhnikh-batkiv-didusiv-ta-babus/,success,https://web.archive.org/web/20261010064120/https://key.chl.kiev.ua/books/dzhovani-trapatoni-kazky-dlia-pidlitkiv-ikhnikh-batkiv-didusiv-ta-babus/,
2026-10-10,https://key.chl.kiev.ua/books/dzhury-i-pidvodnyi-choven/,success,https://web.archive.org/web/20261010064220/https://key.chl.kiev.ua/books/dzhury-i-pidvodnyi-choven/,
2026-10-10,https://key.chl.kiev.ua/books/dyva-sribnoi-nadii-virshi-kazka/,success,https://web.archive.org/web/20261010064220/https://key.chl.kiev.ua/books/dyva-sribnoi-nadii-virshi-kazka/,
2026-10-10,https://key.chl.kiev.ua/books/dyvnyi-lys-i-dyvnyi-lis-zeleni-virsheniata-dlia-mene-mamy-i-tata/,success,https://web.archive.org/web/20261010064221/https://key.chl.kiev.ua/books/dyvnyi-lys-i-dyvnyi-lis-zeleni-virsheniata-dlia-mene-mamy-i-tata/,
2026-10-10,https://key.chl.kiev.ua/books/dytia-epokhy-roman-kolazh-dlia-simeinoho-chytannia/,success,https://web.archive.org/web/20261010064350/https://key.chl.kiev.ua/books/dytia-epokhy-roman-kolazh-dlia-simeinoho-chytannia/,
2026-10-10,https://key.chl.kiev.ua/books/dytiacha-skarbnychka/,success,https://web.archive.org/web/20261010064400/https://key.chl.kiev.ua/books/dytiacha-skarbnychka/,
2026-10-10,https://key.chl.kiev.ua/books/drakony-vpered/,success,https://web.archive.org/web/20261010064357/https://key.chl.kiev.ua/books/drakony-vpered/,
2026-10-10,https://key.chl.kiev.ua/books/divchata-zakokhani-povist/,error,,
2026-10-10,https://key.chl.kiev.ua/books/druziaky-populiarni-dytiachi-virshi/,success,https://web.archive.org/web/20261010064458/https://key.chl.kiev.ua/books/druziaky-populiarni-dytiachi-virshi/,
2026-10-10,https://key.chl.kiev.ua/books/dukhovna-azbuka-dlia-dytyny-i-vsiiei-rodyny/,success,https://web.archive.org/web/20261010064517/https://key.chl.kiev.ua/books/dukhovna-azbuka-dlia-dytyny-i-vsiiei-rodyny/,
2026-10-10,https://key.chl.kiev.ua/books/divchynka-na-kuli/,success,https://web.archive.org/web/20261010064523/https://key.chl.kiev.ua/books/divchynka-na-kuli/,
2026-10-10,https://key.chl.kiev.ua/books/eleanor-i-park/,success,https://web.archive.org/web/20261010064525/https://key.chl.kiev.ua/books/eleanor-i-park/,
2026-10-10,https://key.chl.kiev.ua/books/zatyshna-mamyna-kazka-zbirka-kazok-suchasnykh-ukrainskykh-pysmennyts/,error,,error:job-failed
2026-10-10,https://key.chl.kiev.ua/books/epokha-charodiiv-spadkoiemytsia-lehendy/,success,https://web.archive.org/web/20261010064612/https://key.chl.kiev.ua/books/epokha-charodiiv-spadkoiemytsia-lehendy/,
2026-10-10,https://key.chl.kiev.ua/books/zaiets-morkvus-velykyi/,success,https://web.archive.org/web/20261010064646/https://key.chl.kiev.ua/books/zaiets-morkvus-velykyi/,
2026-10-10,https://key.chl.kiev.ua/books/zaiets-ta-charivnyi-baraban/,success,https://web.archive.org/web/20261010064755/https://key.chl.kiev.ua/books/zaiets-ta-charivnyi-baraban/,
2026-10-10,https://key.chl.kiev.ua/persons/,error,,
2026-10-10,https://key.chl.kiev.ua/books/,error,,
2026-10-10,https://key.chl.kiev.ua/books/maika-palyvoda-obyraie-profesiiu/,error,,
2026-10-10,https://key.chl.kiev.ua/books/polinka-dlia-ditei-vid-4-do-80-5-r/,error,,
2026-10-10,https://key.chl.kiev.ua/books/leo-fu-abo-ia-narodyvsia-sobakoiu/,error,,
2026-10-10,https://key.chl.kiev.ua/books/iak-ia-ruinuvala-imperiiu/,error,,
2026-10-10,https://key.chl.kiev.ua/books/taiemnytsia-kozatskoi-shabli/,error,,
2026-10-10,https://key.chl.kiev.ua/books/dyke-lito-v-krymu/,error,,
2026-10-10,https://key.chl.kiev.ua/books/dubochok-z-viiny/,error,,
2026-10-10,https://key.chl.kiev.ua/books/charivnyi-hlechyk/,error,,
2026-10-10,https://key.chl.kiev.ua/books/ukradeni/,error,,
2026-10-10,https://key.chl.kiev.ua/,success,https://web.archive.org/web/20261010142946/https://key.chl.kiev.ua/,
2026-10-10,https://key.chl.kiev.ua/timeline/,error,,error:not-found
2026-10-10,https://key.chl.kiev.ua/search/,success,https://web.archive.org/web/20261010142948/https://key.chl.kiev.ua/search/,
2026-10-10,https://key.chl.kiev.ua/books/kazochky-kutsokhvostyky/,success,https://web.archive.org/web/20261010143157/https://key.chl.kiev.ua/books/kazochky-kutsokhvostyky/,
2026-10-10,https://key.chl.kiev.ua/books/chumatskyi-shliakh/,success,https://web.archive.org/web/20261010143128/https://key.chl.kiev.ua/books/chumatskyi-shliakh/,
2026-10-10,https://key.chl.kiev.ua/books/iak-palchyky-posvarylysia/,success,https://web.archive.org/web/20261010143130/https://key.chl.kiev.ua/books/iak-palchyky-posvarylysia/,
2026-10-10,https://key.chl.kiev.ua/books/anhel-zolote-volossia-povist/,error,,
2026-10-10,https://key.chl.kiev.ua/books/hosti-na-mitli/,error,,
2026-10-10,https://key.chl.kiev.ua/books/shirik-zi-zmievoi-hory/,error,,
2026-10-10,https://key.chl.kiev.ua/books/vidchynit-bohdankove-vikno/,error,,
2026-10-10,https://key.chl.kiev.ua/books/tato-mii-petliura/,error,,
2026-10-10,https://key.chl.kiev.ua/books/uzhalenii-zradoiu/,error,,
2026-10-10,https://key.chl.kiev.ua/books/darknetking/,error,,
2026-10-10,https://key.chl.kiev.ua/books/lizhko-dlia-rakety/,error,,
2026-10-10,https://key.chl.kiev.ua/books/divchina-z-mista/,error,,
2026-10-10,https://key.chl.kiev.ua/books/pidzemnyi-detektyv-zahadka-prokliatoi-shtol-ni/,error,,
2026-10-10,https://key.chl.kiev.ua/books/makove-kniaziuvannia/,success,https://web.archive.org/web/20261010143233/https://key.chl.kiev.ua/books/makove-kniaziuvannia/,
2026-10-10,https://key.chl.kiev.ua/books/charivnyi-ivanko-kazky/,success,https://web.archive.org/web/20261010143245/https://key.chl.kiev.ua/books/charivnyi-ivanko-kazky/,
2026-10-10,https://key.chl.kiev.ua/books/rusalon-ka-iz-7-v-abo-prokliattia-rodu-kulakivs-kykh/,error,,
2026-10-10,https://key.chl.kiev.ua/books/vasylyna-i-trypil-s-kyi-slid/,success,https://web.archive.org/web/20261010143345/https://key.chl.kiev.ua/books/vasylyna-i-trypil-s-kyi-slid/,
2026-10-10,https://key.chl.kiev.ua/books/vriatuvati-berezen/,success,https://web.archive.org/web/20261010143322/https://key.chl.kiev.ua/books/vriatuvati-berezen/,
2026-10-10,https://key.chl.kiev.ua/books/osobistosti/,success,https://web.archive.org/web/20261010143334/https://key.chl.kiev.ua/books/osobistosti/,
2026-10-10,https://key.chl.kiev.ua/books/zgraia/,error,,
2026-10-10,https://key.chl.kiev.ua/books/dorosli-znenats-ka/,error,,
2026-10-10,https://key.chl.kiev.ua/books/abu-karakambada-kolyskova-dlia-misheli/,error,,
2026-10-10,https://key.chl.kiev.ua/books/vidchaidushni-povist-detektyv/,error,,
2026-10-10,https://key.chl.kiev.ua/books/divchata-zakokhani-povist/,error,,
2026-10-10,https://key.chl.kiev.ua/books/rusalon-ka-iz-7-v-v-tenetah-labirintu/,success,https://web.archive.org/web/20261010143430/https://key.chl.kiev.ua/books/rusalon-ka-iz-7-v-v-tenetah-labirintu/,
2026-10-10,https://key.chl.kiev.ua/books/dereva-naukovo-populiarna-proza/,success,https://web.archive.org/web/20261010143456/https://key.chl.kiev.ua/books/dereva-naukovo-populiarna-proza/,
2026-10-10,https://key.chl.kiev.ua/books/zatyshna-mamyna-kazka-zbirka-kazok-suchasnykh-ukrainskykh-pysmennyts/,success,https://web.archive.org/web/20261010143550/https://key.chl.kiev.ua/books/zatyshna-mamyna-kazka-zbirka-kazok-suchasnykh-ukrainskykh-pysmennyts/,
2026-10-10,https://key.chl.kiev.ua/books/zolote-sertse/,success,https://web.archive.org/web/20261010143617/https://key.chl.kiev.ua/books/zolote-sertse/,
2026-10-10,https://key.chl.kiev.ua/books/zerniatko-nadii-khudozhni-tvory-dlia-ditei-tema-holodomoru/,success,https://web.archive.org/web/20261010143651/https://key.chl.kiev.ua/books/zerniatko-nadii-khudozhni-tvory-dlia-ditei-tema-holodomoru/,
2026-10-10,https://key.chl.kiev.ua/books/zlato-sontsia-syn-vody/,success,https://web.archive.org/web/20261010143703/https://key.chl.kiev.ua/books/zlato-sontsia-syn-vody/,
2026-10-10,https://key.chl.kiev.ua/books/zolote-koleso-roku-zbirka-opovidan/,success,https://web.archive.org/web/20261010143715/https://key.chl.kiev.ua/books/zolote-koleso-roku-zbirka-opovidan/,
2026-10-10,https://key.chl.kiev.ua/books/kazky-navyvorit/,error,,
2026-10-10,https://key.chl.kiev.ua/books/kazka-pro-staroho-leva/,success,https://web.archive.org/web/20261010143752/https://key.chl.kiev.ua/books/kazka-pro-staroho-leva/,
2026-10-10,https://key.chl.kiev.ua/books/kazka-pro-dyvovyzhnu-iabluniu/,success,https://web.archive.org/web/20261010143805/https://key.chl.kiev.ua/books/kazka-pro-dyvovyzhnu-iabluniu/,
2026-10-10,https://key.chl.kiev.ua/books/kazky-rizdva/,success,https://web.archive.org/web/20261010143848/https://key.chl.kiev.ua/books/kazky-rizdva/,
2026-10-10,https://key.chl.kiev.ua/books/okopnyi-did/,error,,
2026-10-10,https://key.chl.kiev.ua/books/1-2-6/,success,https://web.archive.org/web/20261010143904/https://key.chl.kiev.ua/books/1-2-6/,
2026-10-10,https://key.chl.kiev.ua/books/kobzaryk-za-sontsem-khmaronka-plyve/,success,https://web.archive.org/web/20261010143917/https://key.chl.kiev.ua/books/kobzaryk-za-sontsem-khmaronka-plyve/,
2026-10-10,https://key.chl.kiev.ua/books/kozatska-abetka-korotka-istoriia-ukrainskoho-kozatstva-dlia-ditei-i-doroslykh/,success,https://web.archive.org/web/20261010144007/https://key.chl.kiev.ua/books/kozatska-abetka-korotka-istoriia-ukrainskoho-kozatstva-dlia-ditei-i-doroslykh/,
2026-10-10,https://key.chl.kiev.ua/books/koly-vidpochyvaiut-ianholy-povist/,success,https://web.archive.org/web/20261010143921/https://key.chl.kiev.ua/books/koly-vidpochyvaiut-ianholy-povist/,
2026-10-10,https://key.chl.kiev.ua/books/komp-i-kompaniia/,success,https://web.archive.org/web/20261010144125/https://key.chl.kiev.ua/books/komp-i-kompaniia/,
2026-10-10,https://key.chl.kiev.ua/books/korol-bukiv-abo-taiemnytsia-smarahdovoi-knyhy/,success,https://web.archive.org/web/20261010144047/https://key.chl.kiev.ua/books/korol-bukiv-abo-taiemnytsia-smarahdovoi-knyhy/,
2026-10-10,https://key.chl.kiev.ua/books/korsar-abo-pukhnasta-istoriia-z-kikhtiamy/,success,https://web.archive.org/web/20261010144131/https://key.chl.kiev.ua/books/korsar-abo-pukhnasta-istoriia-z-kikhtiamy/,
2026-10-10,https://key.chl.kiev.ua/books/kruta-kompaniia-povist/,success,https://web.archive.org/web/20261010144154/https://key.chl.kiev.ua/books/kruta-kompaniia-povist/,
2026-10-10,https://key.chl.kiev.ua/books/kumedna-chytanka-vid-a-do-ia/,success,https://web.archive.org/web/20261010144204/https://key.chl.kiev.ua/books/kumedna-chytanka-vid-a-do-ia/,
2026-10-10,https://key.chl.kiev.ua/books/kurin-spetsialnoho-pryznachennia-ksp-syly-potoibichchia-na-zakhysti-ukrainy-komiks/,success,https://web.archive.org/web/20261010144207/https://key.chl.kiev.ua/books/kurin-spetsialnoho-pryznachennia-ksp-syly-potoibichchia-na-zakhysti-ukrainy-komiks/,
2026-10-10,https://key.chl.kiev.ua/books/kit-buchyk-u-misti-leva/,success,https://web.archive.org/web/20261010144209/https://key.chl.kiev.ua/books/kit-buchyk-u-misti-leva/,
2026-10-10,https://key.chl.kiev.ua/books/lehenda-pro-iunu-vesnu/,success,https://web.archive.org/web/20261010144326/https://key.chl.kiev.ua/books/lehenda-pro-iunu-vesnu/,
2026-10-10,https://key.chl.kiev.ua/books/lehendy-pro-kozakiv/,success,https://web.archive.org/web/20261010144332/https://key.chl.kiev.ua/books/lehendy-pro-kozakiv/,
2026-10-10,https://key.chl.kiev.ua/books/lelechyi-dim-zbirka-opovidok-vydannia-z-shryftom-brailia/,success,https://web.archive.org/web/20261010144334/https://key.chl.kiev.ua/books/lelechyi-dim-zbirka-opovidok-vydannia-z-shryftom-brailia/,
2026-10-10,https://key.chl.kiev.ua/books/lesyna-pisnia-povist-kazka-pro-dytynstvo-ta-iunist-lesi-ukrainky/,success,https://web.archive.org/web/20261010144439/https://key.chl.kiev.ua/books/lesyna-pisnia-povist-kazka-pro-dytynstvo-ta-iunist-lesi-ukrainky/,
2026-10-10,https://key.chl.kiev.ua/books/lesia-mandrivnyi-klubochok/,success,https://web.archive.org/web/20261010144453/https://key.chl.kiev.ua/books/lesia-mandrivnyi-klubochok/,
2026-10-10,https://key.chl.kiev.ua/books/lysychka-ide-do-biblioteky/,success,https://web.archive.org/web/20261010144533/https://key.chl.kiev.ua/books/lysychka-ide-do-biblioteky/,
2026-10-10,https://key.chl.kiev.ua/books/lysty-z-osinnoho-sadu-liryka-ihrova-poeziia/,success,https://web.archive.org/web/20261010144557/https://key.chl.kiev.ua/books/lysty-z-osinnoho-sadu-liryka-ihrova-poeziia/,
2026-10-10,https://key.chl.kiev.ua/books/londonskyi-shchodennyk-kota-buchyka/,success,https://web.archive.org/web/20261010144608/https://key.chl.kiev.ua/books/londonskyi-shchodennyk-kota-buchyka/,
2026-10-10,https://key.chl.kiev.ua/books/lvivski-virshyky/,success,https://web.archive.org/web/20261010144624/https://key.chl.kiev.ua/books/lvivski-virshyky/,
2026-10-10,https://key.chl.kiev.ua/books/liubov-ta-17-strazhdan-petrika-p-iatochkina/,success,https://web.archive.org/web/20261010144621/https://key.chl.kiev.ua/books/liubov-ta-17-strazhdan-petrika-p-iatochkina/,
2026-10-10,https://key.chl.kiev.ua/books/litak-v-nebi/,error,,error:job-failed
2026-10-10,https://key.chl.kiev.ua/books/lichylka-vchymosia-rakhuvaty-na-osnovi-lichylky-natali-zabily/,success,https://web.archive.org/web/20261010144826/https://key.chl.kiev.ua/books/lichylka-vchymosia-rakhuvaty-na-osnovi-lichylky-natali-zabily/,
2026-10-10,https://key.chl.kiev.ua/books/miake-i-pukhnaste/,success,https://web.archive.org/web/20261010144751/https://key.chl.kiev.ua/books/miake-i-pukhnaste/,
2026-10-10,https://key.chl.kiev.ua/books/maika-i-smuhastyk/,success,https://web.archive.org/web/20261010144849/https://key.chl.kiev.ua/books/maika-i-smuhastyk/,
2026-10-10,https://key.chl.kiev.ua/books/malenka-vidma-ta-kir-povist/,success,https://web.archive.org/web/20261010144933/https://key.chl.kiev.ua/books/malenka-vidma-ta-kir-povist/,
2026-10-10,https://key.chl.kiev.ua/books/malenka-knyzhka-pro-liubov-povist/,success,https://web.archive.org/web/20261010144853/https://key.chl.kiev.ua/books/malenka-knyzhka-pro-liubov-povist/,
2026-10-10,https://key.chl.kiev.ua/books/mandry-repiashka-chipa/,success,https://web.archive.org/web/20261010144956/https://key.chl.kiev.ua/books/mandry-repiashka-chipa/,
2026-10-10,https://key.chl.kiev.ua/books/martsypan-plombirovych-povist-kazka-pro-pershu-u-sviti-derzhavu-sviiskykh-tvaryn/,success,https://web.archive.org/web/20261010145007/https://key.chl.kiev.ua/books/martsypan-plombirovych-povist-kazka-pro-pershu-u-sviti-derzhavu-sviiskykh-tvaryn/,
2026-10-10,https://key.chl.kiev.ua/books/mykolchyni-sny/,success,https://web.archive.org/web/20261010145054/https://key.chl.kiev.ua/books/mykolchyni-sny/,
2026-10-10,https://key.chl.kiev.ua/books/moia-mama-hora/,success,https://web.archive.org/web/20261010145012/https://key.chl.kiev.ua/books/moia-mama-hora/,
2026-10-10,https://key.chl.kiev.ua/books/moie-sertse-bietsia-i-smiietsia/,success,https://web.archive.org/web/20261010145130/https://key.chl.kiev.ua/books/moie-sertse-bietsia-i-smiietsia/,
2026-10-10,https://key.chl.kiev.ua/books/moie-shchaslyve-zhyttia/,success,https://web.archive.org/web/20261010145141/https://key.chl.kiev.ua/books/moie-shchaslyve-zhyttia/,
2026-10-10,https://key.chl.kiev.ua/books/moi-vymusheni-kanikuly/,success,https://web.archive.org/web/20261010145143/https://key.chl.kiev.ua/books/moi-vymusheni-kanikuly/,
2026-10-10,https://key.chl.kiev.ua/books/musia-ta-babusia/,success,https://web.archive.org/web/20261010145246/https://key.chl.kiev.ua/books/musia-ta-babusia/,
2026-10-10,https://key.chl.kiev.ua/books/mii-druh-iurko-tsyrkul-ta-inshi-shkilnyi-roman/,success,https://web.archive.org/web/20261010145256/https://key.chl.kiev.ua/books/mii-druh-iurko-tsyrkul-ta-inshi-shkilnyi-roman/,
2026-10-10,https://key.chl.kiev.ua/books/mii-malenkyi-kyiv-putivnyk-dlia-ditei/,success,https://web.archive.org/web/20261010145333/https://key.chl.kiev.ua/books/mii-malenkyi-kyiv-putivnyk-dlia-ditei/,
2026-10-10,https://key.chl.kiev.ua/books/misiats-u-kolystsi-virshi-proza-pereklady/,success,https://web.archive.org/web/20261010145404/https://key.chl.kiev.ua/books/misiats-u-kolystsi-virshi-proza-pereklady/,
2026-10-10,https://key.chl.kiev.ua/books/nok-pro-basketbol-ta-a-polyvodu-s-kovalenka-o-salnykova-o-bilostinnoho-o-volkova/,success,https://web.archive.org/web/20261010145417/https://key.chl.kiev.ua/books/nok-pro-basketbol-ta-a-polyvodu-s-kovalenka-o-salnykova-o-bilostinnoho-o-volkova/,
2026-10-10,https://key.chl.kiev.ua/books/nok-pro-lehku-atletyku-ta-v-kutsa-iu-siedykh-v-borzova-s-bubku-n-dobrynsku/,success,https://web.archive.org/web/20261010145420/https://key.chl.kiev.ua/books/nok-pro-lehku-atletyku-ta-v-kutsa-iu-siedykh-v-borzova-s-bubku-n-dobrynsku/,
2026-10-10,https://key.chl.kiev.ua/books/na-velykden-virshi-kazky-opovidannia/,success,https://web.archive.org/web/20261010145503/https://key.chl.kiev.ua/books/na-velykden-virshi-kazky-opovidannia/,
2026-10-10,https://key.chl.kiev.ua/books/nazustrich-sonechku/,success,https://web.archive.org/web/20261010145530/https://key.chl.kiev.ua/books/nazustrich-sonechku/,
2026-10-10,https://key.chl.kiev.ua/books/naikrashcha-knyha-maliuka/,success,https://web.archive.org/web/20261010145541/https://key.chl.kiev.ua/books/naikrashcha-knyha-maliuka/,
2026-10-10,https://key.chl.kiev.ua/books/nashe-misto-prevesele-virshi-dlia-ditei/,success,https://web.archive.org/web/20261010145641/https://key.chl.kiev.ua/books/nashe-misto-prevesele-virshi-dlia-ditei/,
2026-10-10,https://key.chl.kiev.ua/books/ne-anhel-povist/,success,https://web.archive.org/web/20261010145701/https://key.chl.kiev.ua/books/ne-anhel-povist/,
2026-10-10,https://key.chl.kiev.ua/books/nedotorka-psykholohichna-kazka/,success,https://web.archive.org/web/20261010145714/https://key.chl.kiev.ua/books/nedotorka-psykholohichna-kazka/,
2026-10-10,https://key.chl.kiev.ua/books/nezvichaini-prigodi-ali-povist-u-3-knigakh/,success,https://web.archive.org/web/20261010145721/https://key.chl.kiev.ua/books/nezvichaini-prigodi-ali-povist-u-3-knigakh/,
2026-10-10,https://key.chl.kiev.ua/books/nezrozumili-povist/,success,https://web.archive.org/web/20261010145723/https://key.chl.kiev.ua/books/nezrozumili-povist/,
2026-10-10,https://key.chl.kiev.ua/books/neimovirni-pryhody-ivana-syly-naiduzhchoi-liudyny-svitu/,success,https://web.archive.org/web/20261010145829/https://key.chl.kiev.ua/books/neimovirni-pryhody-ivana-syly-naiduzhchoi-liudyny-svitu/,
2026-10-10,https://key.chl.kiev.ua/books/neimovirni-pryhody-ostapa-i-darynky-povist/,success,https://web.archive.org/web/20261010145840/https://key.chl.kiev.ua/books/neimovirni-pryhody-ostapa-i-darynky-povist/,
2026-10-10,https://key.chl.kiev.ua/books/neimovirni-istorii-kota-buchyka/,success,https://web.archive.org/web/20261010145936/https://key.chl.kiev.ua/books/neimovirni-istorii-kota-buchyka/,
2026-10-10,https://key.chl.kiev.ua/books/neperevershena-solomiia-krushelnytska-knyha-iliustrovana-kartynamy-ukr-khudozhnykiv/,success,https://web.archive.org/web/20261010145948/https://key.chl.kiev.ua/books/neperevershena-solomiia-krushelnytska-knyha-iliustrovana-kartynamy-ukr-khudozhnykiv/,
2026-10-10,https://key.chl.kiev.ua/books/oberih-mify-i-lehendy-uk-ra-iny/,success,https://web.archive.org/web/20261010145959/https://key.chl.kiev.ua/books/oberih-mify-i-lehendy-uk-ra-iny/,
2026-10-10,https://key.chl.kiev.ua/books/otakyi-u-mene-nis-zbirka-zhadana-v-statti-iak-pidhotovlena-do-iuvileiu/,success,https://web.archive.org/web/20261010150007/https://key.chl.kiev.ua/books/otakyi-u-mene-nis-zbirka-zhadana-v-statti-iak-pidhotovlena-do-iuvileiu/,
2026-10-10,https://key.chl.kiev.ua/books/paroplavy-i-kyty/,error,,
2026-10-10,https://key.chl.kiev.ua/books/opovidky-z-babusynykh-klubochkiv/,success,https://web.archive.org/web/20261010150053/https://key.chl.kiev.ua/books/opovidky-z-babusynykh-klubochkiv/,
2026-10-10,https://key.chl.kiev.ua/books/otsia-mariia-zviriv-maliuvala/,success,https://web.archive.org/web/20261010150037/https://key.chl.kiev.ua/books/otsia-mariia-zviriv-maliuvala/,
2026-10-10,https://key.chl.kiev.ua/books/peremahaiuchy-doliu/,success,https://web.archive.org/web/20261010150115/https://key.chl.kiev.ua/books/peremahaiuchy-doliu/,
2026-10-10,https://key.chl.kiev.ua/books/persha-dorizhka-v-nebo/,success,https://web.archive.org/web/20261010150156/https://key.chl.kiev.ua/books/persha-dorizhka-v-nebo/,
2026-10-10,https://key.chl.kiev.ua/books/podarunky-vid-sviatoho-mykolaia-kazky/,success,https://web.archive.org/web/20261010150229/https://key.chl.kiev.ua/books/podarunky-vid-sviatoho-mykolaia-kazky/,
2026-10-10,https://key.chl.kiev.ua/books/podorozh-tudy-de-snih/,error,,error:job-failed
2026-10-10,https://key.chl.kiev.ua/books/perekhidnyi-vik-moiei-mamy-povist/,success,https://web.archive.org/web/20261010150251/https://key.chl.kiev.ua/books/perekhidnyi-vik-moiei-mamy-povist/,
2026-10-10,https://key.chl.kiev.ua/books/pole-zolotykh-kulbabok-kazkova-povist/,error,,error:job-failed
2026-10-10,https://key.chl.kiev.ua/books/poliuvannia-na-slipsa/,success,https://web.archive.org/web/20261010150359/https://key.chl.kiev.ua/books/poliuvannia-na-slipsa/,
2026-10-10,https://key.chl.kiev.ua/books/portret-maloi-oli/,success,https://web.archive.org/web/20261010150313/https://key.chl.kiev.ua/books/portret-maloi-oli/,
2026-10-10,https://key.chl.kiev.ua/books/poterchata-dytiacha-spovid-dlia-doroslykh-iaki-tak-nichomu-i-ne-navchylysia/,error,,
2026-10-10,https://key.chl.kiev.ua/books/potaisvit-zbirnyk-opovidan/,success,https://web.archive.org/web/20261010150515/https://key.chl.kiev.ua/books/potaisvit-zbirnyk-opovidan/,
2026-10-10,https://key.chl.kiev.ua/books/pravdyva-istoriia-admirala-brekhunelia/,success,https://web.archive.org/web/20261010150519/https://key.chl.kiev.ua/books/pravdyva-istoriia-admirala-brekhunelia/,
2026-10-10,https://key.chl.kiev.ua/books/pryborkannia-kychery-pryhodnytska-povist-dlia-ditei-molodshoho-shkilnoho-viku/,success,https://web.archive.org/web/20261010150525/https://key.chl.kiev.ua/books/pryborkannia-kychery-pryhodnytska-povist-dlia-ditei-molodshoho-shkilnoho-viku/,
2026-10-10,https://key.chl.kiev.ua/books/pryvydusia-povist/,error,,error:job-failed
2026-10-10,https://key.chl.kiev.ua/books/pryhody-rozhevoho-dynozavryka-ta-ioho-druziv-povist-kazka/,success,https://web.archive.org/web/20261010150650/https://key.chl.kiev.ua/books/pryhody-rozhevoho-dynozavryka-ta-ioho-druziv-povist-kazka/,
2026-10-10,https://key.chl.kiev.ua/books/pryhody-dynozavrykiv-povist-kazka/,success,https://web.archive.org/web/20261010150617/https://key.chl.kiev.ua/books/pryhody-dynozavrykiv-povist-kazka/,
2026-10-10,https://key.chl.kiev.ua/books/pro-tsarytsiu-hromovytsiu-i-kropyvianoho-korolia-kazkova-povist/,success,https://web.archive.org/web/20261010150714/https://key.chl.kiev.ua/books/pro-tsarytsiu-hromovytsiu-i-kropyvianoho-korolia-kazkova-povist/,
2026-10-10,https://key.chl.kiev.ua/books/pryhody-trychi-slavnoho-rozbiinyka-pynti/,success,https://web.archive.org/web/20261010150740/https://key.chl.kiev.ua/books/pryhody-trychi-slavnoho-rozbiinyka-pynti/,
2026-10-10,https://key.chl.kiev.ua/books/pryletila-ptashechka-tradytsiini-sviata-narodnoho-kalendaria-z-tvorchymy-zabavamy/,success,https://web.archive.org/web/20261010150745/https://key.chl.kiev.ua/books/pryletila-ptashechka-tradytsiini-sviata-narodnoho-kalendaria-z-tvorchymy-zabavamy/,
2026-10-10,https://key.chl.kiev.ua/books/pro-malenkoho-metelyka/,success,https://web.archive.org/web/20261010150750/https://key.chl.kiev.ua/books/pro-malenkoho-metelyka/,
2026-10-10,https://key.chl.kiev.ua/books/pro-feiu-dorofeiu-malenki-opovidky-dlia-malenkykh-ditei/,success,https://web.archive.org/web/20261010150811/https://key.chl.kiev.ua/books/pro-feiu-dorofeiu-malenki-opovidky-dlia-malenkykh-ditei/,
2026-10-10,https://key.chl.kiev.ua/books/rozhevyi-zapysnyk-detektyva-stasyka/,success,https://web.archive.org/web/20261010150845/https://key.chl.kiev.ua/books/rozhevyi-zapysnyk-detektyva-stasyka/,
2026-10-10,https://key.chl.kiev.ua/books/rozkazhy-meni-kazku-pro-viinu-virshi/,success,https://web.archive.org/web/20261010150837/https://key.chl.kiev.ua/books/rozkazhy-meni-kazku-pro-viinu-virshi/,
2026-10-10,https://key.chl.kiev.ua/books/rizdviana-istoriia-oslyka-khvostyka-povist/,success,https://web.archive.org/web/20261010150904/https://key.chl.kiev.ua/books/rizdviana-istoriia-oslyka-khvostyka-povist/,
2026-10-10,https://key.chl.kiev.ua/books/rizdvianyi-pesyk-opovidannia/,success,https://web.archive.org/web/20261010150950/https://key.chl.kiev.ua/books/rizdvianyi-pesyk-opovidannia/,
2026-10-10,https://key.chl.kiev.ua/books/rizbyv-maister-kolysochku-virshi-dlia-ditei-doshkilnoho-ta-molodshoho-shkilnoho-viku/,success,https://web.archive.org/web/20261010151040/https://key.chl.kiev.ua/books/rizbyv-maister-kolysochku-virshi-dlia-ditei-doshkilnoho-ta-molodshoho-shkilnoho-viku/,
2026-10-10,https://key.chl.kiev.ua/books/sadivnyk-florentsiius/,success,https://web.archive.org/web/20261010151016/https://key.chl.kiev.ua/books/sadivnyk-florentsiius/,
2026-10-10,https://key.chl.kiev.ua/books/svitlo-ne-v-moiemu-vikni-povist/,error,,error:job-failed
2026-10-10,https://key.chl.kiev.ua/books/syni-vody/,error,,
2026-10-10,https://key.chl.kiev.ua/books/seriia-12-baliv-taras-shevchenko-i-ia-stepan-bandera-i-ia-lesia-ukrainka-i-ia-kniaginia-olga-i-ia-ivan-mazepa-i-ia/,success,https://web.archive.org/web/20261010151059/https://key.chl.kiev.ua/books/seriia-12-baliv-taras-shevchenko-i-ia-stepan-bandera-i-ia-lesia-ukrainka-i-ia-kniaginia-olga-i-ia-ivan-mazepa-i-ia/,
2026-10-10,https://key.chl.kiev.ua/books/skarbi-primarnikh-ostroviv-kn-1-karta-i-kompas/,error,,error:job-failed
2026-10-10,https://key.chl.kiev.ua/books/solka-i-kukhar-tara-pata-povist/,success,https://web.archive.org/web/20261010151107/https://key.chl.kiev.ua/books/solka-i-kukhar-tara-pata-povist/,
2026-10-10,https://key.chl.kiev.ua/books/storozhova-zastava-povist-iz-zhyttia-kyivskoi-rusi/,success,https://web.archive.org/web/20261010151116/https://key.chl.kiev.ua/books/storozhova-zastava-povist-iz-zhyttia-kyivskoi-rusi/,
2026-10-10,https://key.chl.kiev.ua/books/sil-dlia-moria-abo-bilyi-kyt/,success,https://web.archive.org/web/20261010151226/https://key.chl.kiev.ua/books/sil-dlia-moria-abo-bilyi-kyt/,
2026-10-10,https://key.chl.kiev.ua/books/taiemnytsia-kozatskoho-skarbu-pryhodnytskyi-detektyv/,success,https://web.archive.org/web/20261010151304/https://key.chl.kiev.ua/books/taiemnytsia-kozatskoho-skarbu-pryhodnytskyi-detektyv/,
2026-10-10,https://key.chl.kiev.ua/books/troie-na-misiatsi-povist/,success,https://web.archive.org/web/20261010151318/https://key.chl.kiev.ua/books/troie-na-misiatsi-povist/,
2026-10-10,https://key.chl.kiev.ua/books/tromsyn-bohatyr-ukrainski-narodni-kazky-nyzhnoi-naddniprianshchyny/,success,https://web.archive.org/web/20261010151336/https://key.chl.kiev.ua/books/tromsyn-bohatyr-ukrainski-narodni-kazky-nyzhnoi-naddniprianshchyny/,
2026-10-10,https://key.chl.kiev.ua/books/ukraina-pochynaietsia-z-tebe-poeziia-i-proza-dlia-ditei-shkilnoho-viku/,success,https://web.archive.org/web/20261010151359/https://key.chl.kiev.ua/books/ukraina-pochynaietsia-z-tebe-poeziia-i-proza-dlia-ditei-shkilnoho-viku/,
2026-10-10,https://key.chl.kiev.ua/books/ukrainska-knyzhka-zhyttiepys-dlia-molodshykh-shkoliariv-formuvannia-nats-ta-hromadianskoi-identychnosti-zasobamy-biohrafiky/,success,https://web.archive.org/web/20261010151405/https://key.chl.kiev.ua/books/ukrainska-knyzhka-zhyttiepys-dlia-molodshykh-shkoliariv-formuvannia-nats-ta-hromadianskoi-identychnosti-zasobamy-biohrafiky/,
2026-10-10,https://key.chl.kiev.ua/books/ukrainskyi-kvitnyk-naukovo-populiarna-proza/,error,,error:job-failed
2026-10-10,https://key.chl.kiev.ua/books/fedko-prybulets-z-internetu/,error,,
2026-10-10,https://key.chl.kiev.ua/books/ukrainski-lehendy/,success,https://web.archive.org/web/20261010151508/https://key.chl.kiev.ua/books/ukrainski-lehendy/,
2026-10-10,https://key.chl.kiev.ua/books/use-pidrostaie-poeziia/,success,https://web.archive.org/web/20261010151507/https://key.chl.kiev.ua/books/use-pidrostaie-poeziia/,
2026-10-10,https://key.chl.kiev.ua/books/ukrainskyi-kosmos-kosmichna-entsyklopediia/,success,https://web.archive.org/web/20261010151541/https://key.chl.kiev.ua/books/ukrainskyi-kosmos-kosmichna-entsyklopediia/,
2026-10-10,https://key.chl.kiev.ua/persons/,error,,
2026-10-10,https://key.chl.kiev.ua/books/,error,,
2026-10-10,https://key.chl.kiev.ua/books/maika-palyvoda-obyraie-profesiiu/,error,,
2026-10-10,https://key.chl.kiev.ua/books/polinka-dlia-ditei-vid-4-do-80-5-r/,error,,
2026-10-10,https://key.chl.kiev.ua/books/leo-fu-abo-ia-narodyvsia-sobakoiu/,error,,
2026-10-10,https://key.chl.kiev.ua/books/iak-ia-ruinuvala-imperiiu/,error,,
2026-10-10,https://key.chl.kiev.ua/books/taiemnytsia-kozatskoi-shabli/,error,,
2026-10-10,https://key.chl.kiev.ua/books/dyke-lito-v-krymu/,error,,
2026-10-10,https://key.chl.kiev.ua/books/dubochok-z-viiny/,error,,
2026-10-10,https://key.chl.kiev.ua/books/charivnyi-hlechyk/,error,,
2026-10-10,https://key.chl.kiev.ua/books/ukradeni/,error,,
2026-10-10,https://key.chl.kiev.ua/books/anhel-zolote-volossia-povist/,error,,
2026-10-10,https://key.chl.kiev.ua/books/hosti-na-mitli/,error,,
2026-10-10,https://key.chl.kiev.ua/books/shirik-zi-zmievoi-hory/,error,,
2026-10-10,https://key.chl.kiev.ua/books/vidchynit-bohdankove-vikno/,error,,
2026-10-10,https://key.chl.kiev.ua/books/tato-mii-petliura/,error,,
2026-10-10,https://key.chl.kiev.ua/books/uzhalenii-zradoiu/,error,,
2026-10-10,https://key.chl.kiev.ua/books/darknetking/,error,,
2026-10-10,https://key.chl.kiev.ua/books/lizhko-dlia-rakety/,error,,
2026-10-10,https://key.chl.kiev.ua/books/divchina-z-mista/,error,,
2026-10-10,https://key.chl.kiev.ua/books/pidzemnyi-detektyv-zahadka-prokliatoi-shtol-ni/,error,,
2026-10-10,https://key.chl.kiev.ua/books/rusalon-ka-iz-7-v-abo-prokliattia-rodu-kulakivs-kykh/,error,,
2026-10-10,https://key.chl.kiev.ua/books/zgraia/,error,,
2026-10-10,https://key.chl.kiev.ua/books/dorosli-znenats-ka/,error,,
2026-10-10,https://key.chl.kiev.ua/books/abu-karakambada-kolyskova-dlia-misheli/,error,,
2026-10-10,https://key.chl.kiev.ua/books/vidchaidushni-povist-detektyv/,error,,
2026-10-10,https://key.chl.kiev.ua/books/divchata-zakokhani-povist/,error,,
2026-10-10,https://key.chl.kiev.ua/books/kazky-navyvorit/,error,,
2026-10-10,https://key.chl.kiev.ua/books/okopnyi-did/,error,,
2026-10-10,https://key.chl.kiev.ua/,success,https://web.archive.org/web/20261010200530/https://key.chl.kiev.ua/,
2026-10-10,https://key.chl.kiev.ua/timeline/,error,,error:not-found
2026-10-10,https://key.chl.kiev.ua/search/,success,https://web.archive.org/web/20261010200625/https://key.chl.kiev.ua/search/,
2026-10-10,https://key.chl.kiev.ua/books/paroplavy-i-kyty/,error,,
2026-10-10,https://key.chl.kiev.ua/books/poterchata-dytiacha-spovid-dlia-doroslykh-iaki-tak-nichomu-i-ne-navchylysia/,error,,
2026-10-10,https://key.chl.kiev.ua/books/podorozh-tudy-de-snih/,success,https://web.archive.org/web/20261010200834/https://key.chl.kiev.ua/books/podorozh-tudy-de-snih/,
2026-10-10,https://key.chl.kiev.ua/books/pole-zolotykh-kulbabok-kazkova-povist/,success,https://web.archive.org/web/20261010200831/https://key.chl.kiev.ua/books/pole-zolotykh-kulbabok-kazkova-povist/,
2026-10-10,https://key.chl.kiev.ua/books/syni-vody/,error,,
2026-10-10,https://key.chl.kiev.ua/books/litak-v-nebi/,success,https://web.archive.org/web/20261010200841/https://key.chl.kiev.ua/books/litak-v-nebi/,
2026-10-10,https://key.chl.kiev.ua/books/pryvydusia-povist/,success,https://web.archive.org/web/20261010200857/https://key.chl.kiev.ua/books/pryvydusia-povist/,
2026-10-10,https://key.chl.kiev.ua/books/fedko-prybulets-z-internetu/,error,,
2026-10-10,https://key.chl.kiev.ua/books/svitlo-ne-v-moiemu-vikni-povist/,success,https://web.archive.org/web/20261010200925/https://key.chl.kiev.ua/books/svitlo-ne-v-moiemu-vikni-povist/,
2026-10-10,https://key.chl.kiev.ua/books/skarbi-primarnikh-ostroviv-kn-1-karta-i-kompas/,success,https://web.archive.org/web/20261010200933/https://key.chl.kiev.ua/books/skarbi-primarnikh-ostroviv-kn-1-karta-i-kompas/,
2026-10-10,https://key.chl.kiev.ua/books/ukrainskyi-kvitnyk-naukovo-populiarna-proza/,success,https://web.archive.org/web/20261010200958/https://key.chl.kiev.ua/books/ukrainskyi-kvitnyk-naukovo-populiarna-proza/,
2026-10-10,https://key.chl.kiev.ua/books/fikus-bendzhamin-rozpovidaie-pro-shchastia-povist-kazka/,success,https://web.archive.org/web/20261010200946/https://key.chl.kiev.ua/books/fikus-bendzhamin-rozpovidaie-pro-shchastia-povist-kazka/,
2026-10-10,https://key.chl.kiev.ua/books/khranhely/,success,https://web.archive.org/web/20261010201012/https://key.chl.kiev.ua/books/khranhely/,
2026-10-10,https://key.chl.kiev.ua/books/khto-boitsia-zaichykiv-povist-hra/,success,https://web.archive.org/web/20261010201144/https://key.chl.kiev.ua/books/khto-boitsia-zaichykiv-povist-hra/,
2026-10-10,https://key.chl.kiev.ua/books/khto-takyi-mykola-leontovych-opovid-u-maliunkakh/,success,https://web.archive.org/web/20261010201146/https://key.chl.kiev.ua/books/khto-takyi-mykola-leontovych-opovid-u-maliunkakh/,
2026-10-10,https://key.chl.kiev.ua/books/khto-takyi-taras-shevchenko-opovid-u-maliunkakh/,error,,error:job-failed
2026-10-10,https://key.chl.kiev.ua/books/khto-taka-lesia-ukrainka-opovid-u-maliunkakh/,success,https://web.archive.org/web/20261010201205/https://key.chl.kiev.ua/books/khto-taka-lesia-ukrainka-opovid-u-maliunkakh/,
2026-10-10,https://key.chl.kiev.ua/books/khto-takyi-hryhorii-skovoroda-opovid-u-maliunkakh/,success,https://web.archive.org/web/20261010201202/https://key.chl.kiev.ua/books/khto-takyi-hryhorii-skovoroda-opovid-u-maliunkakh/,
2026-10-10,https://key.chl.kiev.ua/books/tse-bulo-u-dyvohradi/,success,https://web.archive.org/web/20261010201240/https://key.chl.kiev.ua/books/tse-bulo-u-dyvohradi/,
2026-10-10,https://key.chl.kiev.ua/books/charivni-istoty-ukrainskoho-mifu-dukhy-pryrody/,success,https://web.archive.org/web/20261010201230/https://key.chl.kiev.ua/books/charivni-istoty-ukrainskoho-mifu-dukhy-pryrody/,
2026-10-10,https://key.chl.kiev.ua/books/chy-shkidlyvo-khodyty-pokrivliamy-harazhiv/,success,https://web.archive.org/web/20261010201420/https://key.chl.kiev.ua/books/chy-shkidlyvo-khodyty-pokrivliamy-harazhiv/,
2026-10-10,https://key.chl.kiev.ua/books/choho-voloshka-zapyshalasia-povist/,success,https://web.archive.org/web/20261010201400/https://key.chl.kiev.ua/books/choho-voloshka-zapyshalasia-povist/,
2026-10-10,https://key.chl.kiev.ua/books/shpulka-ptashka-i-ia/,success,https://web.archive.org/web/20261010201437/https://key.chl.kiev.ua/books/shpulka-ptashka-i-ia/,
2026-10-10,https://key.chl.kiev.ua/books/shcho-my-znaiemo-pro-sebe-opovidky-pro-orhanizm-liudyny/,success,https://web.archive.org/web/20261010201535/https://key.chl.kiev.ua/books/shcho-my-znaiemo-pro-sebe-opovidky-pro-orhanizm-liudyny/,
2026-10-10,https://key.chl.kiev.ua/books/ia-zakokhalasia-povist/,success,https://web.archive.org/web/20261010201545/https://key.chl.kiev.ua/books/ia-zakokhalasia-povist/,
2026-10-10,https://key.chl.kiev.ua/books/iak-kozak-u-morskoho-tsaria-sluzhyv/,success,https://web.archive.org/web/20261010201538/https://key.chl.kiev.ua/books/iak-kozak-u-morskoho-tsaria-sluzhyv/,
2026-10-10,https://key.chl.kiev.ua/books/ne-takii/,error,,
2026-10-10,https://key.chl.kiev.ua/books/kanikuly-prybultciv-is-salatty/,success,https://web.archive.org/web/20261010201621/https://key.chl.kiev.ua/books/kanikuly-prybultciv-is-salatty/,
2026-10-10,https://key.chl.kiev.ua/books/dzhury-kozaka-shvaiky/,error,,
2026-10-10,https://key.chl.kiev.ua/books/iak-ne-zablukaty-v-pavutyni/,success,https://web.archive.org/web/20261010201638/https://key.chl.kiev.ua/books/iak-ne-zablukaty-v-pavutyni/,
2026-10-10,https://key.chl.kiev.ua/books/gavy-i-rozziavy/,success,https://web.archive.org/web/20261010201652/https://key.chl.kiev.ua/books/gavy-i-rozziavy/,
2026-10-10,https://key.chl.kiev.ua/books/columb/,success,https://web.archive.org/web/20261010201656/https://key.chl.kiev.ua/books/columb/,
2026-10-10,https://key.chl.kiev.ua/books/vershnyky-doshu/,error,,
2026-10-10,https://key.chl.kiev.ua/books/dzhury-kharakternyky/,success,https://web.archive.org/web/20261010201748/https://key.chl.kiev.ua/books/dzhury-kharakternyky/,
2026-10-10,https://key.chl.kiev.ua/books/dzhury-i-kudlatyk/,success,https://web.archive.org/web/20261010201828/https://key.chl.kiev.ua/books/dzhury-i-kudlatyk/,
2026-10-10,https://key.chl.kiev.ua/books/rozbiynyk-pyntya-u-zaklyatomu-misti/,success,https://web.archive.org/web/20261010201835/https://key.chl.kiev.ua/books/rozbiynyk-pyntya-u-zaklyatomu-misti/,
2026-10-10,https://key.chl.kiev.ua/books/kolaps-starogo-svitu/,success,https://web.archive.org/web/20261010201931/https://key.chl.kiev.ua/books/kolaps-starogo-svitu/,
2026-10-10,https://key.chl.kiev.ua/books/shpyhunky-z-prytulku-artemida/,success,https://web.archive.org/web/20261010201937/https://key.chl.kiev.ua/books/shpyhunky-z-prytulku-artemida/,
2026-10-10,https://key.chl.kiev.ua/books/scarby-bogyni/,success,https://web.archive.org/web/20261010202021/https://key.chl.kiev.ua/books/scarby-bogyni/,
2026-10-10,https://key.chl.kiev.ua/books/scarby-prymarnyh-ostroviv-kn-2/,success,https://web.archive.org/web/20261010202007/https://key.chl.kiev.ua/books/scarby-prymarnyh-ostroviv-kn-2/,
2026-10-10,https://key.chl.kiev.ua/books/36-i-6-kotiv/,error,,
2026-10-10,https://key.chl.kiev.ua/books/28-dniv-iz-zhyttia-burunduka/,error,,
2026-10-10,https://key.chl.kiev.ua/books/metelyky-peretvoruutsa/,success,https://web.archive.org/web/20261010202113/https://key.chl.kiev.ua/books/metelyky-peretvoruutsa/,
2026-10-10,https://key.chl.kiev.ua/books/khvylia-khvyliu-dohaniaie/,success,https://web.archive.org/web/20261010202145/https://key.chl.kiev.ua/books/khvylia-khvyliu-dohaniaie/,
2026-10-10,https://key.chl.kiev.ua/books/8-dniv-iz-zhyttia-burunduka/,success,https://web.archive.org/web/20261010202154/https://key.chl.kiev.ua/books/8-dniv-iz-zhyttia-burunduka/,
2026-10-10,https://key.chl.kiev.ua/books/chudove-chudovys-ko/,success,https://web.archive.org/web/20261010202158/https://key.chl.kiev.ua/books/chudove-chudovys-ko/,
2026-10-10,https://key.chl.kiev.ua/books/himnazyst-i-chorna-ruka/,error,,
2026-10-10,https://key.chl.kiev.ua/books/chudove-chudovys/,error,,error:job-failed
2026-10-10,https://key.chl.kiev.ua/books/keramichni-serdca/,success,https://web.archive.org/web/20261010202342/https://key.chl.kiev.ua/books/keramichni-serdca/,
2026-10-10,https://key.chl.kiev.ua/books/taiemne-tovarystvo-boiahuziv/,error,,
2026-10-10,https://key.chl.kiev.ua/books/himnazyst-i-vognianyi-zmiy/,success,https://web.archive.org/web/20261010202353/https://key.chl.kiev.ua/books/himnazyst-i-vognianyi-zmiy/,
2026-10-10,https://key.chl.kiev.ua/books/soloni-potsilunki/,success,https://web.archive.org/web/20261010202448/https://key.chl.kiev.ua/books/soloni-potsilunki/,
2026-10-10,https://key.chl.kiev.ua/books/himnazyst-i-bila-vorona/,success,https://web.archive.org/web/20261010202500/https://key.chl.kiev.ua/books/himnazyst-i-bila-vorona/,
2026-10-10,https://key.chl.kiev.ua/books/hrul/,success,https://web.archive.org/web/20261010202503/https://key.chl.kiev.ua/books/hrul/,
2026-10-10,https://key.chl.kiev.ua/books/primari-chornoi-dibrovi/,success,https://web.archive.org/web/20261010202509/https://key.chl.kiev.ua/books/primari-chornoi-dibrovi/,
2026-10-10,https://key.chl.kiev.ua/books/saskia/,success,https://web.archive.org/web/20261010202557/https://key.chl.kiev.ua/books/saskia/,
2026-10-10,https://key.chl.kiev.ua/books/chasovii-kliuch/,success,https://web.archive.org/web/20261010202619/https://key.chl.kiev.ua/books/chasovii-kliuch/,
2026-10-10,https://key.chl.kiev.ua/books/keningova-kolektsiia-sprava-1/,success,https://web.archive.org/web/20261010202616/https://key.chl.kiev.ua/books/keningova-kolektsiia-sprava-1/,
2026-10-10,https://key.chl.kiev.ua/books/taiemne-tovarystvo-brekhuniv-abo-pastka-dlia-syn-omorda/,success,https://web.archive.org/web/20261010202712/https://key.chl.kiev.ua/books/taiemne-tovarystvo-brekhuniv-abo-pastka-dlia-syn-omorda/,
2026-10-10,https://key.chl.kiev.ua/books/knyga-rekordiv-govoruhi/,success,https://web.archive.org/web/20261010202724/https://key.chl.kiev.ua/books/knyga-rekordiv-govoruhi/,
2026-10-10,https://key.chl.kiev.ua/books/malyaka/,success,https://web.archive.org/web/20261010202719/https://key.chl.kiev.ua/books/malyaka/,
2026-10-10,https://key.chl.kiev.ua/books/vataha-veselykh-volotsiuh/,success,https://web.archive.org/web/20261010202840/https://key.chl.kiev.ua/books/vataha-veselykh-volotsiuh/,
2026-10-10,https://key.chl.kiev.ua/books/iak-veselo-v-budynku-vau/,success,https://web.archive.org/web/20261010202849/https://key.chl.kiev.ua/books/iak-veselo-v-budynku-vau/,
2026-10-10,https://key.chl.kiev.ua/books/doky-svitlo-ne-zhasne-nazavzhdy/,error,,error:job-failed
2026-10-10,https://key.chl.kiev.ua/books/komediya-wahiv-u-budynku-vau/,success,https://web.archive.org/web/20261010202900/https://key.chl.kiev.ua/books/komediya-wahiv-u-budynku-vau/,
2026-10-10,https://key.chl.kiev.ua/books/vit-ka-halia-abo-povist-pro-pershe-kokhannia/,success,https://web.archive.org/web/20261010202913/https://key.chl.kiev.ua/books/vit-ka-halia-abo-povist-pro-pershe-kokhannia/,
2026-10-10,https://key.chl.kiev.ua/books/fedko-pryhody-u-viruslandii/,success,https://web.archive.org/web/20261010203009/https://key.chl.kiev.ua/books/fedko-pryhody-u-viruslandii/,
2026-10-10,https://key.chl.kiev.ua/books/sapery/,success,https://web.archive.org/web/20261010202955/https://key.chl.kiev.ua/books/sapery/,
2026-10-10,https://key.chl.kiev.ua/books/kit-detektyv-al-f/,success,https://web.archive.org/web/20261010203002/https://key.chl.kiev.ua/books/kit-detektyv-al-f/,
2026-10-10,https://key.chl.kiev.ua/books/lel/,success,https://web.archive.org/web/20261010203105/https://key.chl.kiev.ua/books/lel/,
2026-10-10,https://key.chl.kiev.ua/books/scarby/,success,https://web.archive.org/web/20261010203130/https://key.chl.kiev.ua/books/scarby/,
2026-10-10,https://key.chl.kiev.ua/books/hromovoi-amulet/,success,https://web.archive.org/web/20261010203140/https://key.chl.kiev.ua/books/hromovoi-amulet/,
2026-10-10,https://key.chl.kiev.ua/books/porokh-iz-drakonovykh-kistok/,success,https://web.archive.org/web/20261010203233/https://key.chl.kiev.ua/books/porokh-iz-drakonovykh-kistok/,
2026-10-10,https://key.chl.kiev.ua/books/detektivy-v-arteku/,success,https://web.archive.org/web/20261010203244/https://key.chl.kiev.ua/books/detektivy-v-arteku/,
2026-10-10,https://key.chl.kiev.ua/books/detektivy-z-arteku2/,success,https://web.archive.org/web/20261010203251/https://key.chl.kiev.ua/books/detektivy-z-arteku2/,
2026-10-10,https://key.chl.kiev.ua/books/poliuvannia-myslyvtsiv-za-pryvydamy/,success,https://web.archive.org/web/20261010203243/https://key.chl.kiev.ua/books/poliuvannia-myslyvtsiv-za-pryvydamy/,
2026-10-10,https://key.chl.kiev.ua/books/myslyvtsi-za-pryvydamy/,success,https://web.archive.org/web/20261010203427/https://key.chl.kiev.ua/books/myslyvtsi-za-pryvydamy/,
2026-10-10,https://key.chl.kiev.ua/books/babusi-takozh-buly-divchatamy/,success,https://web.archive.org/web/20261010203506/https://key.chl.kiev.ua/books/babusi-takozh-buly-divchatamy/,
2026-10-10,https://key.chl.kiev.ua/books/klub-boiahuziv/,success,https://web.archive.org/web/20261010203456/https://key.chl.kiev.ua/books/klub-boiahuziv/,
2026-10-10,https://key.chl.kiev.ua/books/kolektsiia-hadiv/,success,https://web.archive.org/web/20261010203517/https://key.chl.kiev.ua/books/kolektsiia-hadiv/,
2026-10-10,https://key.chl.kiev.ua/books/koly-henii-plachut/,success,https://web.archive.org/web/20261010203612/https://key.chl.kiev.ua/books/koly-henii-plachut/,
2026-10-10,https://key.chl.kiev.ua/books/medhospital/,success,https://web.archive.org/web/20261010203648/https://key.chl.kiev.ua/books/medhospital/,
2026-10-10,https://key.chl.kiev.ua/books/nichna-istoriia-zi-skarbamy/,success,https://web.archive.org/web/20261010203653/https://key.chl.kiev.ua/books/nichna-istoriia-zi-skarbamy/,
2026-10-10,https://key.chl.kiev.ua/books/ob-yscheznuvshem-horode/,success,https://web.archive.org/web/20261010203652/https://key.chl.kiev.ua/books/ob-yscheznuvshem-horode/,
2026-10-10,https://key.chl.kiev.ua/books/pastka-dlia-heimera/,success,https://web.archive.org/web/20261010203725/https://key.chl.kiev.ua/books/pastka-dlia-heimera/,
2026-10-10,https://key.chl.kiev.ua/books/poliuvannia-na-zolotyi-kubok/,success,https://web.archive.org/web/20261010203750/https://key.chl.kiev.ua/books/poliuvannia-na-zolotyi-kubok/,
2026-10-10,https://key.chl.kiev.ua/books/posmishka-azovskoho-krokodyla/,success,https://web.archive.org/web/20261010203756/https://key.chl.kiev.ua/books/posmishka-azovskoho-krokodyla/,
2026-10-10,https://key.chl.kiev.ua/books/pryvyd-u-domi-hukala/,success,https://web.archive.org/web/20261010203820/https://key.chl.kiev.ua/books/pryvyd-u-domi-hukala/,
2026-10-10,https://key.chl.kiev.ua/books/smertelnyi-kruiz/,success,https://web.archive.org/web/20261010203932/https://key.chl.kiev.ua/books/smertelnyi-kruiz/,
2026-10-10,https://key.chl.kiev.ua/books/strashni-istorii-sobachi-klopoty-nebezpechna-spadshchyna/,success,https://web.archive.org/web/20261010203937/https://key.chl.kiev.ua/books/strashni-istorii-sobachi-klopoty-nebezpechna-spadshchyna/,
2026-10-10,https://key.chl.kiev.ua/books/use-v-shokoladi/,success,https://web.archive.org/web/20261010203953/https://key.chl.kiev.ua/books/use-v-shokoladi/,
2026-10-10,https://key.chl.kiev.ua/books/chorne-ozero-kokhannia/,success,https://web.archive.org/web/20261010204030/https://key.chl.kiev.ua/books/chorne-ozero-kokhannia/,
2026-10-10,https://key.chl.kiev.ua/books/oleksa-dovbush-taiemnytsia-syly/,success,https://web.archive.org/web/20261010204042/https://key.chl.kiev.ua/books/oleksa-dovbush-taiemnytsia-syly/,
2026-10-10,https://key.chl.kiev.ua/books/misto/,success,https://web.archive.org/web/20261010204124/https://key.chl.kiev.ua/books/misto/,
2026-10-10,https://key.chl.kiev.ua/books/nechysta-syla-ta-inshi-kaposni-istorii/,success,https://web.archive.org/web/20261010204201/https://key.chl.kiev.ua/books/nechysta-syla-ta-inshi-kaposni-istorii/,
2026-10-10,https://key.chl.kiev.ua/books/pryhody-na-ostrovi-klavaren/,success,https://web.archive.org/web/20261010204209/https://key.chl.kiev.ua/books/pryhody-na-ostrovi-klavaren/,
2026-10-10,https://key.chl.kiev.ua/books/rozbyshatskyi-detektyv-sprava-brata-neznaiomtsia/,success,https://web.archive.org/web/20261010204219/https://key.chl.kiev.ua/books/rozbyshatskyi-detektyv-sprava-brata-neznaiomtsia/,
2026-10-10,https://key.chl.kiev.ua/books/skarby-skylura/,success,https://web.archive.org/web/20261010204304/https://key.chl.kiev.ua/books/skarby-skylura/,
2026-10-10,https://key.chl.kiev.ua/books/potsilunok-buv-ne-ostannii/,success,https://web.archive.org/web/20261010204338/https://key.chl.kiev.ua/books/potsilunok-buv-ne-ostannii/,
2026-10-10,https://key.chl.kiev.ua/books/shvydshe-ne-buvaie/,success,https://web.archive.org/web/20261010204343/https://key.chl.kiev.ua/books/shvydshe-ne-buvaie/,
2026-10-10,https://key.chl.kiev.ua/books/tabu-na-potsilunky/,success,https://web.archive.org/web/20261010204350/https://key.chl.kiev.ua/books/tabu-na-potsilunky/,
2026-10-10,https://key.chl.kiev.ua/books/pryhoda-v-kukurudzi/,success,https://web.archive.org/web/20261010204404/https://key.chl.kiev.ua/books/pryhoda-v-kukurudzi/,
2026-10-10,https://key.chl.kiev.ua/books/trykutnyk-zevsa/,success,https://web.archive.org/web/20261010204400/https://key.chl.kiev.ua/books/trykutnyk-zevsa/,
2026-10-10,https://key.chl.kiev.ua/books/misiatsivna/,success,https://web.archive.org/web/20261010204456/https://key.chl.kiev.ua/books/misiatsivna/,
2026-10-10,https://key.chl.kiev.ua/books/u-svitli-svitliakiv/,success,https://web.archive.org/web/20261010204442/https://key.chl.kiev.ua/books/u-svitli-svitliakiv/,
2026-10-10,https://key.chl.kiev.ua/books/temnyi-bik-budynku/,success,https://web.archive.org/web/20261010204505/https://key.chl.kiev.ua/books/temnyi-bik-budynku/,
2026-10-10,https://key.chl.kiev.ua/books/misiatsivna-suziria-div/,success,https://web.archive.org/web/20261010204619/https://key.chl.kiev.ua/books/misiatsivna-suziria-div/,
2026-10-10,https://key.chl.kiev.ua/books/z-einshteinom-u-riukzaku/,success,https://web.archive.org/web/20261010204601/https://key.chl.kiev.ua/books/z-einshteinom-u-riukzaku/,
2026-10-10,https://key.chl.kiev.ua/books/istoriia-robotiv/,success,https://web.archive.org/web/20261010204639/https://key.chl.kiev.ua/books/istoriia-robotiv/,
2026-10-10,https://key.chl.kiev.ua/books/stonadtsiat-khalep-ostapa-kvitochky/,error,,error:job-failed
2026-10-10,https://key.chl.kiev.ua/books/veseli-pryhody-mytsyka-i-kytsyka/,error,,error:job-failed
2026-10-10,https://key.chl.kiev.ua/books/dyvovyzhna-podorozh-nilsa-z-dykymy-husmy/,error,,error:job-failed
2026-10-10,https://key.chl.kiev.ua/books/shchodennyk-moiei-ma/,success,https://web.archive.org/web/20261010204710/https://key.chl.kiev.ua/books/shchodennyk-moiei-ma/,
2026-10-10,https://key.chl.kiev.ua/books/vohnianyi-boh-marraniv/,success,https://web.archive.org/web/20261010204754/https://key.chl.kiev.ua/books/vohnianyi-boh-marraniv/,
2026-10-10,https://key.chl.kiev.ua/books/dyvovyzhna-podorozh-miakusha-netaka-ta-neposydka/,success,https://web.archive.org/web/20261010204714/https://key.chl.kiev.ua/books/dyvovyzhna-podorozh-miakusha-netaka-ta-neposydka/,
2026-10-10,https://key.chl.kiev.ua/books/dyvovyzhni-pryhody-v-lisovii-shkoli-sekret-vasi-kytsyna-enelolyk-ufa-i-zhakhobiak/,error,,
2026-10-10,https://key.chl.kiev.ua/books/dyvovyzhni-pryhody-v-lisovii-shkoli-sontse-sered-nochi-pryhody-v-pavutynii/,success,https://web.archive.org/web/20261010204852/https://key.chl.kiev.ua/books/dyvovyzhni-pryhody-v-lisovii-shkoli-sontse-sered-nochi-pryhody-v-pavutynii/,
2026-10-10,https://key.chl.kiev.ua/books/dyvovyzhni-pryhody-v-lisovii-shkoli-zahadkovyi-iashka-soniachnyi-zaichyk-i-soniachnyi-vovk/,success,https://web.archive.org/web/20261010204910/https://key.chl.kiev.ua/books/dyvovyzhni-pryhody-v-lisovii-shkoli-zahadkovyi-iashka-soniachnyi-zaichyk-i-soniachnyi-vovk/,
